{
  "drive": {
    "p": 0.00023,
    "i": 0.0000002,
    "d": 1,
    "f": 0,
    "iz": 0
  },
  "angle": {
    "p": 0.005,
    "i": 0.0000,
    "d": 0.005,
    "f": 0.00,
    "iz": 0
  }
}